Suna hai duniya bhi gol kardi hai @jigneshmevani80 ne or #TripleTalaq or halala ka farmula bhi nikal liya #TripleTalaq,jigneshmevani80,duniya bhi gol kardi hai : farmula bhi nikal liya
tumne 60 saal tak kya ukhaad lia pehle khud ko dekho bad me kisi dusre ko kuch kehna or rhi bat #TripleTalaq ki to suno tumko muslim sirf vote bank hi najar aate h or agr koi muslim aurto ki help krna chahta h to tumko usme b dikkat hori h #ShameOnYou,muslim:vote:bank:aurto,kya ukhaad lia : krna chahta h
Agar aisa hai toh abb tumko bhi pta lga jaayega na #TripleTalaq laagu hone pe.tumko jo lagta hai ki jo #Hindu ke ya #Sikh ke paas hai tum b le k dekhlo phir pta lagega abhi main list mention karne k mood mein nahi hu warna Haj pe jaane k liye subsidy hum #Hindu hi dete hai,Hindu:Haj:Hindu,mood mein nahi hu : jaane k liye
Gilani ke Daughter's ke bhi Dimag kamjor hain aur shaadi ke baad unko v #TripleTalaq Diya jana chahiye instead of Killing by hubby @ZeeNews,Gilani:ZeeNews:hubby,Diya jana chahiye
#TripleTalaq jis triple talaq ko le kar india mai ladai ho rehi hai wo aisa koi islamic order nhi hai jise na manne par iman chala jaye,india:islamic,ladai ho rehi hai : iman chala jaye
Are atleast we have guts to support #TripleTalaq. Tum pe Nhi biti hai tabhi paata Nhi pain kya hota hai. Are ek women ho samhjo warna Shame,women,guts to support : Nhi biti hai tabhi paata Nhi
Bibi @RanaAyyub khud ko liberal samjhti Hai but #TripleTalaq see Muslim women ko faida hogga uske against Hai....waah,Bibi:Muslim:RanaAyyub:women, liberal samjhti Hai :  faida hogga
Bibi @RanaAyyub ke Ghar mein 2 ghanta pani nahi ayye to issue bana deti Hai...but #TripleTalaq se honne wale issues koi issues nahi hai #TripleTalaq,Bibi:RanaAyyub, issue bana deti Hai : 
"""#Congress ke lawyer Diwali pe Patakhe Ban karwate hain, #RamMandir ke against khade hote hain, #TripleTalaq ke favour mein case ladte hain aur kehte hain hum Hinduon ke against nahi hai. Hamare maathe pe """"C"""" nahi likha. #Ayodhya #ShauryaDiwas""",RamMandir:Congress:Diwali:Ayodhya,Ban karwate hain : against khade hote hain
"""Are Bhai, Aap Kis Duniya me ji rahe ho.. Alien ho kya. Aap Huq ki baat nahi , Aap Farji Baat kar rahe ho. Useless. Your are westing your time. #TripleTalaq""",Congress:Hinduon:Ayodhya:Alien,ji rahe ho : Farji Baat kar rahe ho
Tum logo mein aurto aur aadmion mein inequality kyu hai. #TripleTalaq agar aurat dene lag jaye to fat jaye sab admio ki.,aurto:aadmion:aurat:admio,inequality kyu hai :  fat jaye sab admio ki.
"""#TripleTalaq to band hona chahiye. Jin Muslims ko dikkat hai, leave India. Jo govt kahegi wahi hoga.""",Muslims:India:govt,band hona chahiye : kahegi wahi hoga
#TripleTalaq pic.twitter.com/Srw7sOdpKJ,,-
@thehariom25 #TripleTalaq where is mulla & molvi now ? . kya isko jine ka haq nahi hai?,mulla:molvi,jine ka haq nahi
Govt ke pas Kashmir ke liye koi soch ya action plan nahi #GauRakshak #kashmir #TripleTalaq ke naam pr gadbad or gumrahi ke siwa koi kam nahi pic.twitter.com/IAqAggDFDy,Govt:Kashmir:kashmir,koi soch ya action plan nahi : 
@TarekFatah saab Mubarak ho! Aap ke efforts ab aahista aahista rang dikhane lage hain. #MuslimWomenDignity #TripleTalaq https://twitter.com/ZeeNews/status/849207427249487873 …,TarekFatah, rang dikhane lage hain : 
"""Court jao, #TripleTalaq waise bhi illegal hai, aur inko bolo ko khulkar #UCC ko support kare, dono tataf se dhol bajate hai he log,""",Court,waise bhi illegal hai :  dhol bajate hai
"""@anjanaomkashyap!!!#TripleTalaq #SpecialReport #AOK!!! Aap ko mam Salute karti hu,aap jesi puri duniya mein koi bhi nehilove u mampic.twitter.com/edonsxfxJ4""",anjanaomkashyap,Salute karti hu
"""Jo log apne Maa aur apne Biwi ke nahy hosake, aise log #TripleTalaq pe opinion derahe hai. Pehle apni aurton ko toh sambhal lo.. Na Mardon""",Maa:Biwi:log:aurton,nahy hosake :  opinion derahe hai
"""alag hoi,but through court,naaki whatsapp krke,chitthi bhej ke, teen talaq bol ke, gharelu hinsa se bura hai #TripleTalaq""",,hinsa se bura hai : alag hoi
#TripleTalaq talaq ki sabse badi waja nikah hota hai. aap logon ko chaye k nikah mein condition add karo.,logon,condition add karo : sabse badi waja
Agarwal ji hamara kahna hai ki Britain burka ban ki bat kar to raha hai. Hum to abhi #tripletalaq me hi uljhe hai.,Agarwal:Britain,kahna hai ki : bat kar to raha hai : uljhe hai.
"""Sabhi muslims ko desh se bahar nikalo, jo #Rammandir banane nahi de rha. Or #TripleTalaq ko support krta he.""",muslims:desh:Rammandir,bahar nikalo : banane nahi de rha :support krta he
#TripleTalaq par sharia ki baat karne wale pura sharia apne aap par Kyu nahi lagate jisme rape aur chori ki sajaa paṭhar se maarne ki hai,sharia,Kyu nahi lagate: paṭhar se maarne ki hai
#TripleTalaqBill is really #dangerous but for those who play with #women #childrenrights & #HumanRights in the name of #shariat & #Islam #religion,women:Islam:religion,in the name of : 
Jinke liye law banaya ja rha hai wo kuch nahi bol rahi hai nd jinke khilaaf banaya ja rha hai wo kuch jyda hi virodh kar rhe hai,law,kuch nahi bol rahi hai : kuch jyda hi virodh kar rhe hai
"""Abe gore chitte Hare bhare #AzaruddinOwaisi hara rang greenery ka hota h; Paan ka hota h!Matlab tum lagaoge?Toh lagao na kisne roka h par uske saath #TripleTalaq; #Halala jaise Gandangi Ko bhi Mitane ka bhi kabhi toh """"Muh se Bolo""""tab ham bhi kahenge Insha Allah Insha Allahhttps://twitter.com/TarekFatah/status/944489994030338048 …""",AzaruddinOwaisi:hara:Allah,kisne roka h : Mitane ka bhi 
"""#TripleTalaq Aaj Sansad mein triple talaq bill pase hona tha isliye Sansad ko chalne nahi Diya Ja raha hai, pm to bahana hain""",pm,pase hona tha : chalne nahi Diya Ja raha ha
Bhai #TripleTalaq koi issue Hi NHi h... Aur itna aasan NHi Hota talaq dena ya Lena ...,,koi issue Hi NHi h : 
LIFE BANANE ME 20 SE 25 SAAL NIKAL JATE HE or kisi ko haq nahi he ki wo sirf 3 word me kisi ki life barbaad kare... #Tripletalaq,life,SAAL NIKAL JATE HE : kisi ko haq nahi  : life barbaad kare
Kamal ki baat j Jo log #TripleTalaq ke against maulavis k against awaz nhi uthate wo loudspeaker per azan k liye bhasan de rhe h,maulavis,awaz nhi uthate : bhasan de rhe 
Arre yaar sati pratha b band ki gyi na .. kuch to galat laga hoga us time to phr #TripleTalaq kyun nahi?? Isko hindu muslim me mat bandho https://twitter.com/DubeyNitin3/status/854690106875158529 …,hindu:muslim,band ki gyi : kuch to galat laga hoga  : me mat bandho
"""#TripleTalaq agar invalid ker diye to nuqsan ladies ka hi hoga.Kyunki Triple talaq kehne ke baad wife, wife nahin rehti, balki rakhel hojati https://twitter.com/ZeeNews/status/854665670616915969 …""",,invalid ker diye 
Jitni awaaj loudspeaker ke liye hai wo sayad #TripleTalaq ke liye hoti toh jyada acha hota . Sharm kro doston #SonuNigam,SonuNigam,jyada acha hota : ke liye hai
"""#TripleTalaq ab jane bhi do, hath do kr pi6e pargaya hai sab, shantiduto ka problem hai usiko solve karne do. @MeenaKalasuva""",MeenaKalasuva,ab jane bhi do :  pi6e pargaya hai sab : karne do
Agar koi tripple talaq deta hai to uski property uski wife k naam transfer kar deni chahiye automatically. Jo log chilla rahe hai ki jail jane k bad kharcha kon dega sab chup ho jayenge. @narendramodi @ZeeNews @sudhirchaudhary @sardanarohit @anjanaomkashyap,narendramodi:sudhirchaudhary:sardanarohit:anjanaomkashyap,kar deni chahiye 
#AntiMuslimWomenCONG ye sahi h #naishhaasan Ji aap ne #TripleTalaq ko khatm krne ke liye ladai ki ab jab khatm kr dia toh ab keha rahi ho ki faida bhi do #naishhaasan ab kya tum #politician banna chahati ho kya ? Apni raajniti me aane ki roti sakne ke lite aag laga rahi ho,naishhaasan:politician,roti sakne ke lite : khatm krne ke liye
Bhayio kuch bhi kr lo next time to bill pass ho hi jayega..isliye tumlogo k pass kuch dino ka time hai jinko takat dena hai jaldi de do ..Nhi to baad me 3 saal seedhe bitar jaoge #TripleTalaqBill #TripleTalaq,, seedhe bitar jaoge : pass ho hi jayega
Oh bhai mere ye bhi bata de ki #RahulGandhi jihadi jignes mevani aur unar khalid ka support kyun kar rahe hain? Does #RahulGandhi wants a divided India . Why #RahulGandhi support #TripleTalaq ?,RahulGandhi:jihadi:unar:RahulGandhi:India:RahulGandhi, kar rahe hain : divided India
India ko poori tarha se secular bana ne ki oor ek pehal... #Hawas #ShashiTharoor #TripleTalaq pic.twitter.com/09TsgVFRss,India:ShashiTharoor,ek pehal 
"""Typographical error ko toh aap theek kar lo! Bill pass karne aur karvane ki baat karte hain! """"Besieged"""" nahi """"beseeched"""" behter shabd hai, joh SC ne use kiya hoga. Mujhe aapke ke handle ka editor bana do. #MerriamWebsterDictionary #OxfordDictionary #TripleTalaqBill #TripleTalaq""","SC, OxfordDictionary",theek kar lo
Yaar @rsprasad Pura Maharashtra Jal raha hai aur tuje #TripleTalaq bill pass karwa ne ki padi hai ..#ShameonRavishankarpic.twitter.com/wUFDgZqwWn,rsprasad:Maharashtra,karwa ne ki padi hai
#TripleTalaq Aaj ye dekhana hai ki congress Muslim mahilao ke sath hai ki virodh main.,congress:Muslim,ke sath hai
#TripleTalaq #TeenTalaq jahil aadmi deta h. Apne khud #muslims ka #education maha reservation rok diya h To zalim kon hua?https://twitter.com/aajtak/status/858371635560288256 … #TripleTalaq,muslims:reservation:aadmi,-
"""Government isi #TripleTalaq ke mudde ko hilight kiye ja rahi hai. Aur baki problems pe pratikriya aati hai ki """"hum kadi ninda karte hain"""". #TripleTalaq #Doubt""",Government,kiye ja rahi hai : 
"""Aa gaye na asliyat pe, aap bhi government ki tarah politics khel gaye. Aap bhi baaki problems chood ke #TripleTalaq par raajniti karne lage""",government:politics,kiye ja rahi hai : raajniti karne lage
Remembering old dialogue Jaani jiske ghar seese ke ho woh dusro ke gharo par patthar nahi feka karte #TripleTalaq #Modipic.twitter.com/ADsj6ck3IM,patthar, nahi feka karte
Muslim personal law board ko khatam kiya jaye ya fir jitne bhi dharm india me he sabke apne apne personal law board khol do #TripleTalaq,Muslim:india, khatam kiya jaye  : 
"""Kyunke ye janta ke liye sabse bada #lollipop hai, #jawan ko marne do, #kisan ko marne do, bas ek anti muslim mudda like #TripleTalaq utha do #TripleTalaq @aajtak""",muslim:jawan:kisan,sabse bada lollipop hai
"""#TripleTalaq sirji aap ne to sab chura liya. triple talaq, ram mandir,vikas,appeasement opposition ko kucchh chhodo""",ram:vikas,ko kucchh chhodo 
Triple talaq khatam hote hi desh ki gareebi mit jayegi desh ki economy double ho jayegi desh se corruption khatam ho jayega #TripleTalaq,desh,mit jayegi : khatam ho jayega :double ho jayegi
"""Modi ji #TripleTalaq ko Religious daayare mein dekne k liye aap kub kalma pad k Islam Qubul kare?! Rajneeti aap kar rahe ho, sudar jawo aap https://twitter.com/ANI_news/status/858213405135560704 …""",Modi:Islam,daayare mein dekne k liye
Kutte ki duum kabhi seedhi nahin hoti. Shame on you @INCindia. #tripletalaq,INCindia,seedhi nahin hoti
@RubikaLiyaquat ji please @AkhileshPSingh se poochiye ki agar jents ki proof Karna hoga ki usne #tripletalaq nahi Diya hai to PHIr case hi khatam ho jata hai ...??? Please ask .....,INCindia,Karna hoga ki : khatam ho jata hai 
"""Bachpan se dekh raha hu, jab bhi D raja ka koi bhi statement aata hai tab ye wala background hi photo mai hota hai. Kya consistency hai. Ghazab.""",RubikaLiyaquat:AkhileshPSingh,dekh raha hu : 
#TripleTalaq Besharmi aur makkari ki had hai pet cheer kar pregnant aurat ko marne wale muslim aurton ki fikr me mare ja rahe hain,aurat:muslim:aurton,pet cheer kar : mare ja rahe hain
#IshratJahan ye sabko pahle se hi maloom tha #TripleTalaq is not last lets wait till 2019 avhi kya kya hota hai.,IshratJahan,kya kya hota hai
kbhi bhi uss cheej ke bare me mt boliye jiske bare me aap detail me na jante ho......#jha sahab #TripleTalaq,,-
"""Anti triple talaq rule aa gaya, warna JNU ka hostel ise dene wala tha #TripleTalaq""",JNU,dene wala tha
#TTKSawal #tripletalaq ka ek process hai Quran k hisab se agar kuch Maulana galat fatweh dey rahey hai tho uney boycott karey shariah nahi,Maulana:Quran,fatweh dey rahey hai 
@sardanarohit kul mila kr baat male ego ki hai yha.. dunia ko pichhe le jana chahte hai ye... #TripleTalaq,sardanarohit,le jana chahte hai ye
I am definitely against #TripleTalaq Ye band hona hi chahiye aur fir Jasodaben ko bhi justice milni chahiye.,Jasodaben,band hona hi chahiye
Ye sare prblm jo tumne mention kiye vo sab bhi solve hoge... Leki first #TripleTalaq and #banOnMPL,,Ye sare prblm
Triple talaq is cheerharan? The 21st century Mahabharata has gone awry! #TripleTalaq #sonunigam,sonunigam:Mahabharata,-
Uttar Pradesh Chief Minister @myogiadityanath ka #TripleTalaq par shaandaar chakka. Ye khatam karo. Uniform Civil Code lao. Jai ho!,Uttar:Chief:Minister:myogiadityanath, khatam karo 
"""Mujhe lagta Hai #ModiG #TripleTalaq k zarye Apne """"gujarat Riot"""" jaise PAAP ko Praschit karwabe k liye Hindustani #Muslim ko Awsar De Rahe.""",ModiG:gujarat :Hindustani:Muslim,karwabe k liye 
"""#TripleTalaq ho ya Divorce"""" usshme koi matvate /Rajnetic Na hona chahiye. Mahilayo ke ke liye sharaph ke saman hi hai. Triple Talaq ko roke. pic.twitter.com/6R8UailgoG""",Mahilayo,sharaph ke saman
Woh Aaj Kahan Mar Gaye Hain Kya ye Nari Nahin Hain Ya Inke Muslim Certification Ka Intzar Ho Raha Hai #StopTrippleTalaq #TripleTalaq,Muslim,Kahan Mar Gaye
"""Jab ye iski biwi, bahu beti ke sath hoga tab pata chalega ki #TripleTalaq kya hai.....""","biwi, bahu,beti", tab pata chalega
Bhaiyya Gulam aapne(congress) ne70 saal mai kyoun nahi #TripleTalaq ka hall doonda? Kya muslim auratei entertainment ka samaagri hai?,(congress):muslim:auratei,-
"""@narendramodi #TripleTalaq ke baad, sir, ab dahej ke against kuch kade kanoon banaiye, pls address this problem.""",narendramodi,-
Chinese President Tweets in Hindi : Kamino.....Tumhara #TripleTalaq aur #RamRahim ka topic khatam ho jaye tho meri dhamki par bhi focus Karna,Chinese:RamRahim:President,khatam ho jaye : 
Aap ek baat bhul gye @LambaAlka ji #TripleTalaq decision k baad ink guru @narendramodi ji ne bhi istifa nahi diya.,LambaAlka:guru:narendramodi,
Har ak cheez ke liye #BJP Ko jimedar bara I Vali #Congress #TripleTalaq ban ne Q #BJP ko credit nhi Dena chahati?? #MullonKidalali,BJP:Congress,
"""Muslim behnon ko justice Milne par Khush ho rahe the Bhakts, Hindu Behen ko justice mila toh AAG laga diye. #HaryanaBurning #TripleTalaq""",Muslim:Hindu:Behen:behnon,
@anjanaomkashyap mam ab to ap ki behano ka RAPE ho rha hai inko in BABA se kab azadi dila rahi hai #tripletalaq galla fad ke chlla rahi thi https://goo.gl/84WVp8 #TripleTalaq,anjanaomkashyap:behano:BABA,dila rahi hai
20cr Muslim bade aasani se #TripleTalaq pe Faisal sunlte hai or ek Rapist #RamRahimSingh ke faisle pe andh bhak desk ko jala rhe h wah wah,Muslim:RamRahimSingh:desk,
"""Aisa nai but yeh jo Fatwa bolte hai, #TripleTalaq ke against hai jo hypocrites hai terrorist hai unke virodhi hai hum""",Fatwa:terrorist,
Ye to bata de kis law k hisab se yashodaben ko akela chor dia tha unke pati ne? #tripletalaq ya #divorce ? jawab zarur diyo .,yashodaben:law, chor dia tha  
Besharmi ki hadd hoti hai!!Mahilaon ke naam pe dukaan chalane wale abhi #tripletalaq ko support kar rahe hain.Sharia bhi koi cheez h by God!,Mahilaon:God,support kar rahe hain
#TripleTalaq is way to simple. Needs to be replaced with something like 'Khadak Singh ke khadakane se khadakati hain khidkiyan!!!',Khadak:khidkiyan, to simple 
#TripleTalaq Muslim samaj khaskar mahilao mei Shiksha ki kami hai aur inki basic shiksha aaj k samaj se na hokar khalifa wali hai. First edu,Muslim:khalifa,
"""#TripleTalaq Amir, sharukh, Salman aap triple talaq ke against Muslim women ka sath Kyu nhee dete. Kya Ye apki duty nhee hai.""",Amir:sharukh:Salman:Muslim:women,sath Kyu nhee dete
#TripleTalaq talaq ek behtrin Rasta Hai jisse life kharab hone se Bach jati . Bahot sare log wife se tang aakr khod marjate ya wife mardete,wife:log, tang aakr : hone se Bach jati
#TripleTalaq ko media galat tarah se pesh kar raha hy take muslim khud isko ban karane par raazi ho jae dusre tweet me dekho,muslim:media, pesh kar raha : raazi ho jae
"""#TripleTalaq ka eik solution hai saare mulsman aurton ko apne religion change kar lena chahiye.unke liye asan hai,khatna bhi nhi hota unka.""",Mulsman:aurton:religion,kar lena chahiye
Prohibit #TripleTalaq desh me sab ka equal hauqe. desh 1 desh ke law alag alag q?#uniformcivilcode #1desh1rule @narendramodi @Badlega_India,desh:narendramodi,
#TripleTalaq jo isko support kar rahe hai wo 1 bar ladki jarur bane.taqi pata to chale kysa lgta hai. Shame!,ladki,kar rahe hai : kysa lgta hai
#TripleTalaq Muslim Auto ki asli condition maine dekhi hain bohot hi bhadda aur khoode se bhi battar haalat main rakkha jaata hain unhe. https://twitter.com/kushaltanna991/status/847466229770014723 …,Muslim:Auto,rakkha jaata hain
"""Ab jab #TripleTalaq pe referendum hone ki baat ho rahi hai, to lage haath #Rammandir par bhi ho hi jaye.""",Rammandir,hone ki baat ho rahi : par bhi ho hi jaye
#TripleTalaq har baat par react karne wale Rahu (Rahul) Ketu (Keju) kyu chup hai abhi tak ?,Rahu:Ketu:(Rahul):(Keju),chup hai abhi tak
#TripleTalaq Common Muslim Women jiski jawaan beti ko nukkad ke launde aate jaate Tamatar maarte hain rape bhi kar dete hain.,Muslim:Women:jawaan:beti:launde,
#TripleTalaq Don't post this picture kisi mulle ne jor se bolkar pad liya to ghar ujad jayega,mulle:ghar,ujad jayega
#TripleTalaq ke chalte kuch log har sehar me kisi na kisi ke papa bane ghum rahe hain. Ye Big Bazaar wala trend band hona chahiye,log:sehar:papa:Bazaar,band hona chahiye
"""sarkar us aurat ki problem solve kare na k #TripleTalaq khatm karne ka bida uthae?ye to majhabi masla he,,na k rajnitik #TripleTalaq""",sarkar:aurat,problem solve kare : karne ka bida uthae
News valo ko debate karne k liye kuch milta nahi h #TripleTalaq ko leke beth jate h,News,kuch milta nahi h
"""Maulana ke dukano pe taala lag jayenge tow phir unhe gussa tow aayega,. aur halala ki baat aati hai tow, kahi shohar ko bi galti lagti hai apne kadam per.. So #TripleTalaq ko abolish karna padhega..""",Maulana:shohar,taala lag jayenge : apne kadam per
#TripleTalaq ram mandir ke vishay me maulanas ko constitution yaad aata hai aur triple talaq ke waqt sharia... bloody #hypocrite maulanas,ram:mandir,-
"""aunty ji #TripleTalaq ban nahi hai """"instant """"#tripletalaq banned hai. agar kuch buddhi bachi hai to judgement padh ke aayiye, bina homework ke thothli debate kyun??""",aunty,padh ke aayiye : debate kyun
"""Allah ke Love Affair pe bhi Bollywood main Film banani chahiye, aur Film #TripleTalaq dene ke baad court main Case hona chahiye taki naye aane wale Law ke andar Punishment bhi ho sake.""",Allah:Bollywood:Film,-
Itna Gira hua Tweet @yuvadesh? Woh bhi Gujarat ke Gaurav @narendramodi ji ke baare mein #Shameful,yuvadesh?:Gujarat:Gaurav:narendramodi,Itna Gira hua: Woh bhi
"""#TripleTalaq BJP ko Triple Talaq pe bolna nahi chahiye, is se budhi jeewi Muslims convert ho rage hai Hindu mein""",BJP:Muslims:Hindu,TripleTalaq: convert ho rage hai 
Ya #TripleTalaq me hi busy rhegi.Yahan hm student ka aaye din #Rape ho rha ha to uska kuchh ni.,student,me hi busy rhegi: ho rha ha to: uska kuchh ni
Wow...glad to see #BJP walo ko #TripleTalaq ke siwa v kuch trend karne ko mila. #Congrats_Mayor_PreetyAgarwalpic.twitter.com/4GyPKcROwd,BJP,walo ko: kuch trend karne ko mila
Kuch talve chatne wale #TripleTalaq ko bhi astha ka visay batate hai wah!aur aise log sirf congress se hi belong kr skte hai.,log,talve chatne: visay batate hai
"""TT is not applied on Jashodaben !! Desh ke liye maine ghar chod diya,parivaar bhi ! #tripletalaq https://twitter.com/kouser2012/status/862583277328023552 …""",Jashodaben:Desh:ghar,Desh ke liye: chod diya
Paise ke liye @KapilSibal aur Vote Bank ke liye @INCIndia Apne maa ka bhi #TripleTalaq accept kar lenge,KapilSibal:INCIndia:Vote:Bank,Paise ke liye: Apne maa ka: kar lenge
just abolish #TripleTalaq like sati pratha and baal - vivah. kuritiyan bhale hi dharm se judi ho pr hoti to kuriti hi h,,bhale hi: dharm se judi
"""@KapilSibal what a shame such bheja less, nalayak, kaminas were in power from 2004 to 2014, desh ka kabada toh hona hi thaa #TripleTalaq""",KapilSibal:desh,hona hi thaa
Sahi kaha par So called Progressive #TripleTalaq ka satha dete hai uska kya?,,satha dete hai: uska kya
"""Saalon #TripleTalaq dene waalon, Kabhi Hum kuwaaron ki taraf dekho, Phir jaanoge ki Tum kitne lucky ho...""",kuwaaron,taraf dekho: Tum kitne
Ye to bakloli karne me Digvijay aur Rahul se bhi aage nikal Gaya ! Sibbal Saab esi baatein krne se votes nahi milte...jate hain #tripletalaq https://twitter.com/EconomicTimes/,Digvijay:Rahul:Sibbal,aage nikal Gaya: esi baatein krne se: nahi milte
@NDTVRavishKumar #TripleTalaq band hone se kya desh ki economy sudhar jayegi #DalitAtrocity khatm hogi #Vikas ki raftaar badegi,NDTVRavishKumar:desh:Vikas,sudhar jayegi: raftaar badegi
Jise ye pata nahi triple talaq hota kya hai iske rules kya hai ye pata nahi wo aaj talaq par baat kar raha hai wah re #TripleTalaq,,pata nahi: baat kar raha hai
"""ma'am, pahle #TripleTalaq gaya..Aur ab #RightToPrivacy bhi aa gaya.. ab to double Party banti hai aapki taraf se.""",Party,Aur ab: aapki taraf se
"""Agar teen bar #Talaq bolne se talaq nahi ho sakta, to #FB or #WhatsApp pe 3 bar #iloveyou bolne par block bhi nahi hona chaiye #TripleTalaq""",FB:WhatsApp,bolne par: nahi hona chaiye
"""What a joke.... sala India mein kuch vi ho sakta hain. Rape karu , no jail..Beef khayu to 4 sal ki jail. kya joke hain boss. Now India is in Dark Phase.#TripleTalaq""",India:boss:Dark, kuch vi ho sakta hain
#TripleTalaq ko jante nahin aur us per debate bhi kerte hein. wah ! Aur muslim women se itni hamdardi bhi wah !! @awasthis yeh isi saal kyuhttps://twitter.com/News18India/status/863046565069438976 …,muslim:awasthis:women,jante nahin: bhi kerte hein:  itni hamdardi bhi
Mai to bs is bat ka virodh kr rha hu ki koi itne time tk aap ke sath rhe or kisi bat ke liye bina btaye #TripleTalaq dekr besahara chhod do,,is bat ka: kr rha hu: aap ke sath
"""SC ne kaha TT dharmic mudda hua, to dakhal nahi denge!! to fir Hindu festivals ke liye dohre mapdand kyon?""",SC:Hindu,ne kaha: nahi denge
Jo teen qubool se shuru hua rishta hai vo teen talaq se agar khatm ho raha hai to problem kyo #TripleTalaq,,shuru hua: khatm ho raha hai
Ab boliye teen talak harram h ya nai aapke khud ki lady's chate h ki aap sai dur hona. Shame on u again...#TripleTalaq pic.twitter.com/Gi9LGGFFgl,,aap sai dur hona
"""Are bhai vo Trupti desai kaha gai?ladies ka haq magne vali,vo to sirf zoothi thi hindu Muslim me dange karvane ayi thi.""",Trupti:hindu:Muslim,Are bhai vo:  kaha gai
"""Ye """"most foolest"""" kya hota hai? Kabhi fursat mile to doosri kitaabein bhi padh liya karo. #RIPEnglish #TripleTalaq""",,kya hota hai: padh liya karo
#TripleTalaq jafar sahab. Khuda n kare kabhi aapki beti k sath aisa ho. Jada soch ko uppr kijiye or personal low ko side me rakhiye,jafar:beti, Khuda n kare
#TTKSawal #TripleTalaq is evil practice whch shd b abolished.Kya mazhab ke naam pe hum apni behno par atyachar hone dete rahenge?,evil:behno,hone dete rahenge
"""Aaj Ki Raat Khas Ibadat Ke Liye Hai, Nake Bike Par Raat Bhar ghumne Aur Stunt Karne K Liye #TripleTalaq pic.twitter.com/vx3XIeN9j0""",,Aaj Ki Raat:  Raat Bhar ghumne
"""Instant #TripleTalaq khatam hone ki khusiya manaa rahi hai Muslim mahilaye,,,,,, pic.twitter.com/cN88j8uoI1""",Muslim:mahilaye,khusiya manaa
Bcoz modi Ji ne Himmat dikhai #TripleTalaq jaisi kuriti par khulkar Muslim women's ka sath dene ki bina vote bank ki Chinta kiye..,Muslim:vote:bank:modi,Himmat dikhai: jaisi kuriti par: sath dene ki
Umeed to yeh bhi thi ki AAP triple talaq pe bolenge Lekin koi na Delhi bypoll pe vote bhi to chaiye the. #RightToPrivacy #TripleTalaq https://twitter.com/ArvindKejriwal/status/900597108574625792 …,Delhi:vote,Umeed to yeh bhi: pe bolenge Lekin: chaiye the
.@BDUTT Mam kaafi frustration me lag rahi hain #TripleTalaq judgement ke baad ! Yahi mauka hain inko koi link bhejo re Blue whale game ki! https://twitter.com/bdutt/status/900627311208169472 …,Whale:game:BDUTT,lag rahi hain:  ke baad: Yahi mauka hain
"""#TripleTalaq ka jashn thoda pheeka, sorry bhakto aaj #Modi ko credit nahi doge? Ya Modi ki Haar manoge.. #RightToPrivacy""",Modi,nahi doge: Haar manoge
Biggest Problem with #RightToPrivacy Mullah would not come to ki Beghum ka chakar kis se chal raha hai aur #TripleTalaq bhi nahi de payega,Mullah:Beghum,chal raha hai: nahi de payega
"""Sir do din pehle bhi ek important judgement aya tha #TripleTalaq .... us pr kyu chup the, #BawanaByPoll tha isiliye.https://twitter.com/ArvindKejriwal/status/900597108574625792 … #TripleTalaq""",,din pehle bhi:  aya tha
"""Sir, woh *3 talaak* ka matter clear ho gyaa, Ab *saat janam* wala matter bhi dekh lijiye please @narendramodi #TripleTalaq @rsprasad #TripleTalaq""",narendramodi:rsprasad, ho gyaa: saat janam: dekh lijiye
Koi bhi mard #TripleTalaq kyu de jab ke wo aasani se apni biwi ko abandon karke India ka prime minister ban sakta hai?,India:minister,Koi bhi mard: aasani se
#TripleTalaq ke issue se tumhe lagta hai Muslim mahilaoke vote milenge aisa honewala nahi hai,Muslim,tumhe lagta hai: aisa honewala nahi hai
"""election agenda toh #RamMandir hai kabse bol rahe hai lekin kuch ho nahi raha hai. #TripleTalaqBill toh sarkar ne sahi niyat kay sath impletement kiya hai. Election mai kuch bola nahi tenure mai SC se ban karwaya #TripleTalaq, bill laya, aur law banakar parliament mai pass kiya""",RamMandir:sarkar:SC:parliament,kabse bol rahe hai: kuch ho nahi raha: kiya hai: kuch bola nahi
Sir @myogiadityanath ..kyaa ye sachch hai aapne #TripleTalaq wale musalmaan auroton ke liye package announce kiyaa hai ji?...agar sachch hai ....toh...Hindu auraton ne kyaa paap kiyaa hai Sirf,Sir:Hindu:myogiadityanath:musalmaan:auroton:auraton,kyaa ye sachch hai: agar sachch hai: paap kiyaa hai
Aj muslim mahilao ki jeet hui he aur..... Ek women empowerment ki bhi jeet hui he.... Ab #RajyaSabha me ye #TripleTalaqBill pass ho jay to...... #TripleTalaq se mukti mil jayegi.... Aur #women ko ek sahi ajadi milegi.... Great job @narendramodi_in &@indian goverment,muslim:RajyaSabha:narendramodi_in:indian:mahilao:women:goverment, ki jeet hui: pass ho jay to: mukti mil jayegi: ajadi milegi
Government ko un non-Muslims women's ke bare main bhi sochna chaye jin ko ek talaq bhi nahi milta lekin unke husband Phir bhi alag ho jate hai yahan to phir bhi #TripleTalaq milta hai kya ye government sirf muslim women's ki hai #TripleTalaqBill #TripleTalaq,Government:non-Muslims:government:muslim:husband,bare main bhi: nahi milta: alag ho jate hai
Congress ka women empowerment sirf ek dikhawa hai #TripleTalaq #TripleTalaqBillPassed,Congress:women,ek dikhawa hai
"""Tripal Talaq bolne se 3 saal ki Jail hogi, Jail jane ke baad 3 saal tak Uski #BIWI ko Government palegi kya...??? Uska kharcha koun sambhalega...??""",Government:BIWI,jane ke baad
Bechari paksitan premi ab to pakistan bhi nahi ja sakte vahe pe already #TripleTalaq Ban hai. Sudan will be best choice for them . Jai Ho Narendra Modi,paksitan:Sudan:Narendra:Modi,nahi ja sakte: Jai Ho
Sirf watch karne se pet bhar jayega shreeman @sambitswaraj ji kabhi unemployed ki debat bhi kar le ki kase sabhi yuva ko rojgar diya jay. However I support govt stand on #TripleTalaq,shreeman:govt:sambitswaraj:govt,pet bhar jayega: bhi kar le
#TripleTalaq modi ji ne Muslims aurto ka bhala Kar hi Diya .. bjp ko kaun hara sakta Hai ab . Population to control hogi hi sath me vote bank bhi taiyaar ho gaya . Love u modi...,modi:Muslims:bjp:modi...:aurto:vote:bank,bhala Kar hi Diya:  kaun hara sakta: taiyaar ho gaya
"""That's very good, ab mahengayi bhi Kam ho jayegi, berozgari khatam ho jayegi, rape, robbery, gundagardi sab khatam ho jayegi #TripleTalaq""",,Kam ho jayegi: khatam ho jayegi
three months me #GST aa rha hai..Tab jamke badhega...Abhi election time pe logo ko kyu naraj Karenge..,GST:logo,aa rha hai:  kyu naraj Karenge
Agar Ye report negative hoti to #DeMonetisation aur #GST ne desh ko duba Diya Par ab sab chup #easeofdoingbusiness #IndiaRising #EoDB,desh:GST,hoti to: duba Diya: Par ab
chalo #GST me 40% tak #Tax vasuli ho sakti hai .... pahle 28% tak thihttps://twitter.com/CNBC_Awaaz/status/837256393593782272 …,GST,vasuli ho sakt
"""#PMModi ne kaha ki yeh ek vijay prapt satr raha.Iss budget session mein,LS mein 21 bill aur RS mein14 bill parit hue,#GST bills bhi: A Kumar pic.twitter.com/odeynHwUHy""",PMModi:LS:RS:bill,yeh ek vijay prapt: satr raha: budget session mein
Mamaji! Aapki tarah har CM aur State Govt #GST pe Central Govt ka sahyog kare yehi iss desh ki janta ki ichha hai. #SabkaSaathSabkaVikas,State:Central:desh:CM:Govt,Aapki tarah har: aur State:  ka sahyog: janta ki ichha
"""Technology sessions rule Day 2 of #GST aur Digital Payment Apnao, Desh aur Vyapar Aage Badhao #DigitalforGST @praveendel""",Desh:praveendel:GST,sessions rule Day 2: aur Digital Payment Apnao
#GST aur #Digitalpayment Apnao Desh aur Vyapar Aage Badhao! #TradeGoesDigital #DigitalforGST #CAIThttps://twitter.com/TEAMCAIT/status/857828652947357696 …,Desh:GST, Apnao Desh aur Vyapar
.@BCBHARTIA #CAIT educates traders on #GST aur #DigitalPayment Apnao Desh aur Vyapar Aage Badhao! #TradeGoesDigital @PMOIndia @narendramodi,.BCBHARTIA:desh:narendramodi:PMOIndia,educates traders: Apnao Desh: Vyapar Aage Badhao
"""UP vidhan sabha main #GST bill pass hone par, @myogiadityanath ji or janta ko badhai deta hoon #GST""",UP:vidhan:myogiadityanath:GST:bill:janta,pass hone par: janta ko badhai deta
Is Desh me #Rape k Kanoon se jyada important #GST etc ho to kya ho sakta he.,Desh:GST,Is Desh me: Rape k Kanoon: jyada important: kya ho sakta
#GST agar koi GST no leta hai to itself it is ragistred to dubara ragistration karvane ka kharcha kyu?,GST,leta hai: itself it is ragistred: dubara ragistration: karvane ka kharcha
"""Ye jo naya note market me aayega uski value #GST lag kar 256 hogi, ya #GST kaat kar 144 hogi #200RupeeNote""",note:market:GST,aayega uski value
"""Burnol pe #gst kam kar lo bhai, bahut need hai. .. #RightToPrivacy #Aadhar""",Burnol:gst:Aadhar,kam kar: bahut need hai
Koi na shyad centre finance ministers/state finance ministers ko bhi bol do to vo bhi na kar paaye.#GST,ministers:state:centre:GST,Koi na: bol do to vo: na kar paaye
bas #Notebandi aur #GST ke name pr corporate& Vip k Bhala krne ke liye h bas,GST:Vip,name pr corporate: Vip k Bhala krne
"""#DeMonetisation se ubhre bhi nahi the abhi ke Sab #GST mein uljhe hain bhai, baqi kuch nazar nahi aa raha. Yehi to chaal hain !!""",GST,ubhre bhi nahi: abhi ke Sab: uljhe hain: baqi kuch nazar nahi: chaal hain
Mere bhai... #BJP ne kyu samarthan nahi Kiya... #gst #AadharCard #rojgar yojna ka... Fir power main aane par... Congress walo ke ideas copy,BJP:Congress:AadharCard:gst,samarthan nahi Kiya: rojgar yojna: power main aane
Aaj se pehle to aapne saare time se file kiye honge jo aaj complaint kar rahe hain.! @AwardWapasi gang activated on #GST,GST,Aaj se pehle: saare time se file: kiye honge: aaj complaint kar: rahe hain
Gaaliyon per #GST nhi hy bas ye dhyaan rakhna ki saari ki saari gaaliyaan non-veg honi chaahiye RK,RK:GST,bas ye dhyaan rakhna: saari ki saari: gaaliyaan non-veg: honi chaahiye 
#DeMonetisation aur #GST mein mera koi haath nahi hai..jo bhi beda gark hua uske liye yeh jaitly jawaabdaar hai..main nahi,GST:jaitly,mera koi haath: beda gark hua: uske liye
"""Sukr hai ki nahi laga #ishq par #GST koi, Varna to tu bhi meri #had se bahar ho jati.""",GST,Sukr hai ki nahi: Varna to tu bhi: bahar ho jati
Sare tax khatam karke #GST lagu kar diya...bas ab sari jatiyan (cast) khatm karke sabko hindustani bhartiy ghosit kar dijiye @narendramodi,narendramodi:GST,Sare tax khatam: ab sari jatiyan
2 no walo ko issue tha. Ab wo b #GST ke future benifits. #GST fail huva ye bolne wale abhi to mr.india ho gaye hai.,mr.india:GST,issue tha: future benifits: fail huva: bolne wale abhi: gaye hai.
Abhi Santa bhi na clause k sath aata hain #MTV #GST #MerryChristmas,Santa:MTV:GST,Abhi clause k sath aata
Ab pta chala #GST #demonetisation ka fayeda nhi hai bol bol kar Congress ne apna gala kharab kar liya. Goonge ko b ye bolne k liye kafi mehanat karni padhi. Khair aakhir trauma me acche acche goonge b bol sakte hain. It's proven.,Congress:Goonge:goonge:GST,Ab pta chala: fayeda nhi:  kafi mehanat karni padhi:Khair aakhir trauma:acche acche goonge: bol sakte hain
"""Aaj ki media single topic news pe chalti hai. Din bhar ki khabar mano jese ek hi issur pe atak jaati hai. Jese #Demonetization #Riyan school, #RamRahim , #UPelection , #GST ya fir #GujaratElection""",Riyan:RamRahim:Upelection:GujaratElection:GST,Aaj ki single topic news: khabar mano jese: issur pe atak jaati
People of Gujarat aap decide karo ke #Demonitization aur #Gst desh ke liye ache hai ya phir #divideandrule #templerun #RahulSeparatistBhakt #CongressNeechPolitics jhoothe prcharak wali sarkar achi hai.,Gujarat:desh:Gst,aap decide karo: ache hai ya phir: jhoothe prcharak
Bhai baitor nhi traitor hai yeh. Aam janta mast hai sare chor past hain. After shock ka hi effect hai ki raat ko sote hue bhi inhe sapne me #demonetisation and #GST satata hai.,traitor:janta:chor:GST,sare chor past: shock ka hi effect: raat ko sote hue:sapne me:satata hai.
"""Jab #congress ke #government http://thi.center Mein to #bjp against thi,#gst ke.woo bhi sirf #18 pr.aab #modi ji ne #28 pr pass krdee....ye kyaa hai...#aadhaar ka bhi ye haal...Sir ji #Bjp eske bhi #against thi...""",congress:government:modi:bjp:gst:aadhaar:Bjp,kyaa hai
#MinimumBalance #GST sharam aane chahiye ab to Modi Modi Kehne walo Bhako ko..No More Hopes From #NDA ..#ManmohanSingh was far better,Modi:GST:NDA:..ManmohanSingh,sharam aane chahiye: Kehne walo Bhako: No More Hopes NDA: far better
"""Dhandha Tera nahi chal raha bc, Silicone implant Karwa Le , paisa nahi hai to #MudraYojana se easy loan mil jayega. Dhyan rakh #GST barabar bharna.""",GST,chal raha bc: Silicone implant Karwa: paisa nahi hai: loan mil jayega
@INCIndia Yeh frustration tum logo k chehre pr mujhe achha laga! Yeh #DeMon #GST #SurgicalStrike #NIAHuriyat #ZakirNaik #Benami #Aadhar #TrippleTalaqBan etc k ghaav tum logon ko ghinone mooh pe achhe lage. Aiyyar ka culture DeshDroh hai Jo China ko MaaiBap manta Hai! #ShameOnYou,INCIndia:ZakirNaik:Aiyyar:China:Aadhar:GST:NIAHuriyat,frustration tum logo: chehre pr mujhe: ghaav tum logon: ko ghinone mooh: Aiyyar ka cultur
"""Hum khud sure nahi hai toh, Kautilya ke baarein main kya kahe #GST #IndiaToday #TheHinduExplainspic.twitter.com/5ZNjotYBlw""",Kautilya:IndiaToday:GST,khud sure nahi
So stupid & idiotic that @narendramodi ke #modibhakts itne hai toh kuch bhi chutiyaape present mein kiye ko history se jord denge...and @VCofficeBHU #BanarasHinduUniversity proves that all.,narendramodi:BanarasHinduUniversity:VcofficeBHU,stupid & idiotic: kuch bhi chutiyaape: present mein kiye: history se jord denge
#GST Bharat ka future hae aur #BJP bi Bharat ka future hae #Congress @INCIndia Beet Chuka 67 Saal Kala Past hae jo koi bi jaad na kare aur Bhoole bi na. Vote for BJP. : @punjabimodern1 @narendramodi @BJP4Gujarat @BJP4India,Bharat:BJP:Bharat:Congress:INCIndia:BJP.:narendramodi:GST:punjabimodern1:BJP4Gujarat:BJP4India,future hae: Beet Chuka 67 Saal Kala Past: koi bi jaad: kare aur Bhoole
#UlluKeCharkhe @OfficeOfRG abe #Ghonchu #demonitisation se kiska paisa bahar aya aur #GST ke ghere mai kaun aya? #SoniaKGB @INCIndia kya #Item paida kiya hai kiska #production hai ye Kuch soch ker aadmi choose kerna tha na,INCIndia:OfficeOfRG:GST:SoniaKGB:aadmi,kiska paisa bahar: ghere mai kaun
"""kuch log bolte hai GST """"gabbar singh tax"""" hai lekin unko yeh nhi pata ki... aaj ka jo gabbar hai woh corruption khatam karne aya hai #GujaratElections2017 #NaredraModiJindabad #GST""",gabbar:GST:GujaratElections2017,kuch log bolte: gabbar singh tax: corruption khatam karne
You Are Absolutely right Jab se @BJP4India ayi hai tab se desh ke janta paresan hai kabhi #DeMonetisation kabhi #GST bas lout loo har angel se https://twitter.com/HasibaAmin/status/937555325208600576 … #Chhattisgarh #IndiaWithRahulGandhi,BJP4India:desh:Chhattisgarh,tab se desh ke janta paresan
"""Abhi to Laxmi kamal ke phool par baith kar 'jaa rahi hai', aa nahi rahi. #GST #JoblessGrowth #DeMonetisation""",Laxmi:GST,phool par baith: aa nahi rahi
"""kuchh log #Demonetization aur #GST policies ka virodh kiye to unko corrupt bola jaa raha thaa-aap mera IT dues check karwalo pata chal jayega Virodh karna to democracy ka hissa hai phir sarkar, #BJP aur #bhakt virodh ka jamkar kyo virodh kar rahe hain ?""",sarkar:GST:BJP,corrupt bola jaa raha:  check karwalo: pata chal jayega: Virodh karna to democracy: hissa hai phir sarkarrahe
"""2G , coal , CWG , NH , adarsh , Jab Scam Ho rahe the Tab MMS Ji Silent the , ager Khud Kuch kia hota Note Ban Ki Zaroorat Na hoti...""",MMS:coal:NH:CWG:adarsh:Jab:Note:2G,rahe the Tab MMS:  ager Khud Kuch
"""Ye khushi ki baat hai, saare mulk ke liye faayeda pahunchega: Himachal Pradesh CM #VirbhadraSingh on state assembly passing #GST pic.twitter.com/BAedKvtxdq""",mulk:CM:GST:Himachal:VirbhadraSingh,khushi ki baat: saare mulk
sarkari suvidhaon ko bhi #gst ke daayare me laya jaaye govt agar suvdhayen nahi de pati hai to aam janta ka tax #refund kare @PMOIndia,PMOIndia:sarkari:gst:govt:janta,
"""#GST Registration be karna baaki hai, Aur Duniya 45 din baad saaf hone wala.. kya karu..?? #GSThelpdesk""",GST:Duniya,karna baaki hai: 45 din baad:saaf hone wala
#GST Lagu ho jane k Karan #GujaratRSPolls me #MLA successfully nahi kharede Jasaje Nateejatan #AhmedPatel ko rokne me #Amitshah Bakaam rahe.,GST:MLA:AhmedPatel:Amitshah,jane k Karan: kharede Jasaje
"""In 1942, call was 'karenge ya marenge', #today it's 'karenge aur kar ke rahenge': #PMModi http://bit.ly/2upE3SZ #GST""",PMModi,karenge ya marenge
"""Lekin iska kya kare, Yeh aadmi #GST ke virodh mein baat kar raha hai. Bataye Asmaji please.""",Asmaji:aadmi:GST,Lekin iska kya kare: Yeh aadmi: virodh mein baat kar
Kyun @StarPlus ji personally shadi karne ke liye budget nahi hai kya ya #GST lag raha hai #Ishqbaaazhttps://twitter.com/Kaurworld/status/894562883765391361 …,StarPlus:GST, personally shadi karne: budget nahi
#GST k bad to aisa lag rha he ki restaurant me @narendramodi ko sath me bitha k khana khila rahe he. @PMOIndia,narendramodi:GST:PMOIndia,aisa kya urgent: salaah kar lete
Sir...#GST aisa kya urgent tha? Ek baar DEBIT CREDIT visheshagyo se salaah kar lete... pic.twitter.com/ZXxsqDxsWd,GST,
Dhanyabad @jigneshmevani80 and #TukdeTukdeGang jo #gst ki itni problem ke bad bhi log @narendramodi sir par viswas banaye huye hai @,jigneshmevani80:narendramodi:gst:log,itni problem ke bad: bhi log: par viswas banaye huye
@PMOIndia sir kya ye #GST bhi hm student ko hi pay krna hai ab... Kya yahi #ache_din hain hm students ke liye...pic.twitter.com/kNHej3kbZ7,PMOIndia:GST:student:students,student ko hi pay: krna hai ab:  students ke liye
itne error to CA banne me nahi aarahe jitne #GST Return File karne me aarahe hai @arunjaitley hey mahapurush aaye ek #GSTRETURN file karke dikhaye jitne baal bache hai vo bhi ud jayege :x #andherinagrichopatraja,arunjaitley:CA:GST,itne error: banne me nahi aarahe jitne: dikhaye jitne baal: bache hai vo bhi ud jayege